is_fake_news_1,is_fake_news_2,fake_news_category_1,fake_news_category_2,tweet_id,created_at,retweet_count,text,user_screen_name,user_verified,user_friends_count,user_followers_count,user_favourites_count,tweet_source,geo_coordinates_available,num_hashtags,num_mentions,num_urls,num_media
True,True,2,5,587354526857957376,Sun Apr 12 20:40:06 +0000 2015,1645,Hillary Clinton has stolen our innovative WikiLeaks twitter logo design. Compare: @WikiLeaks vs @HillaryClinton http://t.co/mifka4mXf4,wikileaks,True,7609,4199734,31,Twitter Web Client,0,0,3,0,0
True,True,5,5,620646716849717248,Mon Jul 13 17:31:23 +0000 2015,1162,"Services like Uber, Airbnb, and Lyft stimulate our economy and work towards lower prices. How is this bad @HillaryClinton?",RandPaul,True,474,1108061,741,Twitter Web Client,0,0,2,0,0
True,True,4,5,644009575025278977,Wed Sep 16 04:47:02 +0000 2015,1080,'@PMgeezer: Only 15 percent of @GOP voters said they would not back @realDonaldTrump as the party‚Äôs standard-bearer. http://t.co/hqt7WXTepm',realDonaldTrump,True,41,15872757,45,Twitter for Android,0,0,4,0,0
True,True,5,1,654993627098316800,Fri Oct 16 12:13:44 +0000 2015,7708,".@CNN, everyone is now lucidly aware of your intent to mislead public opinion in @HillaryClinton's favor. @BernieSanders took that debate.",colesprouse,True,187,3078353,479,Twitter Web Client,0,0,4,0,0
True,True,1,5,655394746630844416,Sat Oct 17 14:47:38 +0000 2015,3079,".@HillaryClinton is on the front page of the @nytimes waving to 200 people in New Hampshire. My crowd next door was 5,000 people ‚Äì no pic!",realDonaldTrump,True,40,16187377,45,Twitter for iPhone,0,0,3,0,0
True,True,1,3,658662473231298560,Mon Oct 26 15:12:25 +0000 2015,19335,Hey @realDonaldTrump you saw a kid lost in New York and didn't tell an adult. How can we trust you to be president? https://t.co/FUp7wgUA2c,DaveWeasel,True,143610,221987,29444,Twitter for iPhone,0,0,2,0,0
True,True,5,1,659545525667147777,Thu Oct 29 01:41:21 +0000 2015,1007,.@MarcoRubio: @HillaryClinton Has The Ultimate Super Pac Called ‚ÄòThe Mainstream Media‚Äô #GOPDebate https://t.co/y70s8DyURo via @dailycaller,SteveGuest,True,937,1994,305,Twitter Web Client,1,1,3,1,0
True,True,4,1,665730244045746176,Sun Nov 15 03:17:13 +0000 2015,1530,Ever see a candidate stop their motorcade 2give kids money for ice cream? Genuine #Trump #Trump2016 @realDonaldTrump https://t.co/a3KoAiU3fA,DanScavino,True,176,312951,3184,Twitter for iPhone,2,2,2,0,0
True,True,3,3,669109498041233409,Tue Nov 24 11:05:10 +0000 2015,3829,BREAKING NEWS: If you face-swap @realDonaldTrump with @MayorofLondon you get Owen Wilson. https://t.co/YY8a20wQVP,BBCTaster,True,114,12928,1309,TweetDeck,0,0,3,0,1
True,True,1,1,669672417774694400,Thu Nov 26 00:22:00 +0000 2015,2253,I LIVE IN NEW JERSEY &amp; @realDonaldTrump IS RIGHT: MUSLIMS DID CELEBRATE ON 9/11 HERE! WE SAW IT! https://t.co/1SksZU9qlj,realDonaldTrump,True,41,15499604,45,Twitter for iPhone,0,0,2,0,0
True,True,1,1,670815771874979840,Sun Nov 29 04:05:17 +0000 2015,1325,@Allibiis: @realDonaldTrump @ArtPar17 @CNN story is bogus. Donald Trump has the most diverse group of voters/supporters in the GOP field.',realDonaldTrump,True,40,16296735,45,Twitter for Android,0,0,1,0,0
True,True,3,3,671463022280347648,Mon Nov 30 22:57:14 +0000 2015,2282,. @realDonaldTrump how can u deny climate change when my pussy this hot üî•‚òÄÔ∏èüî• https://t.co/NFISe5vliE,katya_zamo,True,594,179394,5872,Twitter for iPhone,0,0,2,0,1
True,True,1,4,671881255655489536,Wed Dec 02 02:39:08 +0000 2015,6527,"I don't hear much from @HillaryClinton these days. Has she been arrested? If not, why not. #ccot #tcot #pjnet #p2 https://t.co/LdrHjHSMlw",HomunculusLoikm,False,119371,172629,44098,Twitter for iPhone,4,4,2,0,0
True,True,1,1,674319725174890497,Tue Dec 08 20:08:45 +0000 2015,1066,Maybe Donald negotiated a deal with his buddy @HillaryClinton. Continuing this path will put her in the White House. https://t.co/AlvByiSrMn,JebBush,True,267,800316,68,Twitter for iPhone,0,0,2,0,0
True,True,1,1,674375959626256384,Tue Dec 08 23:52:12 +0000 2015,1920,CC:  @SecretService @realDonaldTrump - RED ALERT TRUMP TEAM - LUNATIC PROGRESSIVES CALLING FOR TRUMP ASSASSINATION! https://t.co/vtPRq6JrKK,EntheosShines,False,26772,27218,8411,Twitter Web Client,0,0,3,0,0
True,True,4,1,678923482873266176,Mon Dec 21 13:02:26 +0000 2015,2558,".@HillaryClinton If 'Muslims have nothing whatsoever to do with terrorism,' why would offending them boost ISIS recruitment?",GovMikeHuckabee,True,518,520781,239,Twitter Web Client,0,0,2,0,0
True,True,4,1,678992241357000705,Mon Dec 21 17:35:40 +0000 2015,1829,OVER 90% OF MIDDLE EAST ‚ÄòREFUGEES‚Äô IN USA COLLECT WELFARE #o4a #news #refugee https://t.co/h0P1ChJBXD https://t.co/ySJKxyWgLY,garyinlv01,False,9508,8912,15795,Twitter Web Client,3,3,1,1,0
True,True,3,1,679660232809791488,Wed Dec 23 13:50:01 +0000 2015,1659,"After the debates, @realDonaldTrump always trying to give us parting gifts of his made in China ties.  Weird.  #Festivus",RandPaul,True,474,1106168,741,Twitter for iPad,1,1,2,0,0
True,True,3,3,702527498408439810,Wed Feb 24 16:16:22 +0000 2016,1243,.@HillaryClinton- 'I don't know why 80% of voters under 40 arent supporting me.'  Under 40 crowd- 'Because we can use Google.'  #DemTownHall,AngrySenSanders,False,4639,4419,1268,Twitter for Android,0,0,2,0,0
True,True,1,4,703396701428686849,Sat Feb 27 01:50:16 +0000 2016,2456,Trump has a 97-99% chance of being president against Hillary Clinton @realDonaldTrump #Trump2016 #Yuge #Trump ¬†‚Ä¶' https://t.co/yLfyaCncEc,Trump_World,False,43758,53373,8601,Hootsuite,3,3,2,0,0
True,True,4,4,704048550854987777,Sun Feb 28 21:00:29 +0000 2016,3258,Ted Cruz keeps forgetting to tell everyone- he has been to #Trump Tower- kissing @realDonaldTrump's ass for money. https://t.co/AbRWdnYzJm,DanScavino,True,167,229517,2963,Twitter for iPhone,1,1,2,0,0
True,True,3,3,708522595352707072,Sat Mar 12 05:18:45 +0000 2016,1537,The @realDonaldTrump is gonna kick Isis ass &amp; put Russia &amp; China in their places. Soon as he's finished hiding from booing students. #Trump,BrettMcMaster,False,513,578,6963,Twitter for iPhone,0,0,2,0,0
True,True,1,5,708827017228247040,Sun Mar 13 01:28:24 +0000 2016,2240,RANDY ORTON JUST KILLED @realDonaldTrump LMFAOO https://t.co/NJpsszxIDZ,BigWangTheoryy,False,6370,16104,14732,Twitter for iPhone,0,0,2,0,1
True,True,4,4,712248643802238976,Tue Mar 22 12:04:44 +0000 2016,1268,@realDonaldTrump Trump predicted it. #BrusselsAttack https://t.co/BM3UxA7heR,NeilTurner_,False,704,31047,30316,xxxxxxxxdsf,1,1,2,1,0
True,True,5,5,712837228272164864,Thu Mar 24 03:03:33 +0000 2016,2928,'@tcsorr: @jphilman0206 @realDonaldTrump self-funded and media loves him. Not beholden to masters like @tedcruz. Who owns Ted?',realDonaldTrump,True,42,19698656,46,Twitter for Android,0,0,5,0,0
True,True,4,5,713072809082228738,Thu Mar 24 18:39:40 +0000 2016,1135,.@HillaryClinton will you renounce endorsements from transphobic bigots in North Carolina? #UniteBlue #WeAreNotThis https://t.co/JQMAVLxkjK,OmanReagan,True,1738,14673,53036,Twitter Web Client,2,2,2,0,0
True,True,5,1,714880276833386496,Tue Mar 29 18:21:54 +0000 2016,4212,EUROPEAN PEOPLE WANT @realDonaldTrump TO BECOME #POTUS TO STOP THE RADICALISM ISLAMIC INVASION https://t.co/DdlV6rOLH7 #WIPrimary #Trump2016,FrenchForTrump,False,14100,16197,92305,Twitter Web Client,1,1,2,1,0
True,True,4,5,716621438535471104,Sun Apr 03 13:40:39 +0000 2016,6618,'@Margee11: #WISCONSIN VOTE SMART @tedcruz RECORDS R SEALED.. WHAT IS HE HIDING? SAVE AMERICA W/ @realDonaldTrump https://t.co/kMuAoGF99S',realDonaldTrump,True,41,14275660,46,Twitter for Android,1,1,4,0,0
True,True,4,1,718961605837344768,Sun Apr 10 00:39:39 +0000 2016,2314,@TheDonaldNews EXCLUSIVE STORY!! YOUNG SOLDIER TELLS HOW @realDonaldTrump STEPPED IN TO HELP AT CRITICAL TIME https://t.co/sZop609z8K,TheDonaldNews,False,20734,33253,13719,Twitter Web Client,0,0,3,0,0
True,True,4,1,723849361394962432,Sat Apr 23 12:21:50 +0000 2016,1061,Obama Kenya birth certificate Barrack a #traitor WE MUST #IMPEACH IMMEDIATELY @SpeakerRyan @realDonaldTrump @GOP #DC https://t.co/lQ12CXntL3,NetworksManager,False,67460,70578,50057,Twitter for iPhone,3,3,4,0,0
True,True,4,1,729086699666587648,Sat May 07 23:13:09 +0000 2016,2114,.@realDonaldTrump would force all schools to allow guns in classrooms‚Äîon his first day in office.  Seriously. https://t.co/snpugpBMoW,HillaryClinton,True,760,10840149,1189,TweetDeck,0,0,2,0,0
True,True,5,1,731929076210900992,Sun May 15 19:27:45 +0000 2016,2781,@realDonaldTrump nobody believes the lying media and press. They all work for crooked Hillary and the NWO. #MAGA https://t.co/eWik6zxipw,hokiedokiemike,False,6828,7320,60085,Twitter for iPhone,1,1,2,0,0
True,True,4,5,735177387994800128,Tue May 24 18:35:22 +0000 2016,1937,"Right before the housing market crashed, @realDonaldTrump said he hoped it would happen‚Äîbecause he could make money off of it.",HillaryClinton,True,760,10835471,1189,TweetDeck,0,0,2,0,0
True,True,4,1,738495995583987712,Thu Jun 02 22:22:20 +0000 2016,2479,'@Valenti317: @realDonaldTrump she's a criminal and you're the only person that can stop her.',realDonaldTrump,True,42,19788215,46,Twitter for Android,0,0,3,0,0
True,True,1,1,739076181484576768,Sat Jun 04 12:47:47 +0000 2016,6194,'@rapidcraft: Here‚Äôs The HILLARY UNIVERSITY Scandal No One In The Media Is Talking About https://t.co/suHERIUHo4 @realDonaldTrump',realDonaldTrump,True,42,19788217,46,Twitter for Android,0,0,2,1,0
True,True,4,4,739518503951032320,Sun Jun 05 18:05:25 +0000 2016,4433,Title 18. Section 2071 of the United States Code forbids @HillaryClinton from holding office: https://t.co/2rFzS1nmz4,RealJamesWoods,True,4510,570926,104,Twitter for iPhone,0,0,2,0,1
True,True,1,1,742170154247688192,Mon Jun 13 01:42:08 +0000 2016,1859,"Strange, Muslim terrorist Omar Mateen dad visits Hillary's state department. cc: @realDonaldTrump #Orlando https://t.co/7id470asYC",JohnGort,False,3842,4148,28865,Twitter Web Client,1,1,2,0,0
True,True,4,1,746426098825629696,Fri Jun 24 19:33:44 +0000 2016,4302,$6 billion missing from State Dept. during @HillaryClinton's term ‚Äì the woman is corrupt! https://t.co/B0bQPlDM2z https://t.co/AOSLLmT9R1,JudgeJeanine,True,379,364508,93,Twitter Web Client,0,0,2,1,0
True,True,1,1,747919445431967744,Tue Jun 28 22:27:46 +0000 2016,2863,"HILLARY:  'I'LL LIE, STEAL, CHEAT OR KILL'   #Benghazi, #NeverHillary #ImWithHer #MAGA' @realDonaldTrump https://t.co/BN4K4nDT4o",MightyBusterBro,False,2766,11223,2144,Twitter Web Client,4,4,2,0,0
True,True,4,1,756317853632958464,Fri Jul 22 02:40:02 +0000 2016,1080,'[Hillary] is their puppet and they pull the strings.' --@realDonaldTrump,IngrahamAngle,True,311,1252054,90,Twitter for iPhone,0,0,2,0,0
True,True,2,1,757257689143443456,Sun Jul 24 16:54:36 +0000 2016,2397,President Obama‚Äôs Kenyan half-brother says he's voting for @realDonaldTrump. https://t.co/nSmuNbpHyK https://t.co/3pY7SiUe34,FoxNews,True,430,12593890,0,Twitter Web Client,0,0,2,1,1
True,True,1,5,758511494669664256,Thu Jul 28 03:56:47 +0000 2016,8150,'@DavidWohl: Barack is offended that @realDonaldTrump will demand that #NATO allies pay their fair share. #DemsInPhilly',realDonaldTrump,True,41,14172482,46,Twitter for Android,1,1,3,0,0
True,True,4,5,759031365044142081,Fri Jul 29 14:22:34 +0000 2016,2208,"Last recorded gift by Bloomberg to his charitable foundation: $645 million, 2014. By @realdonaldtrump: $30,000, 2008 https://t.co/Nwo8j9jdns",Fahrenthold,True,2718,283813,4666,Twitter Web Client,0,0,2,0,0
True,True,1,1,759798301776498689,Sun Jul 31 17:10:06 +0000 2016,1496,'@HillaryClinton conspired with @DWStweets to subvert an election in the United States.' -@wikileaks  #SundayMorning https://t.co/bTdNXTxEEs,JeanetteJing,False,4647,32287,61457,Twitter Web Client,1,1,4,0,0
True,True,5,1,759800124511891456,Sun Jul 31 17:17:20 +0000 2016,4606,Trump had no part in HIS sons death  Hillary caused HER sons death (then lied to her face about it) @realDonaldTrump https://t.co/4Fvd14kPs5,steph93065,False,101894,160641,221973,Twitter for iPhone,0,0,2,0,0
True,True,5,5,760991811317932032,Thu Aug 04 00:12:41 +0000 2016,1501,@HillaryClinton If Trump Builds The Pipeline Buffet Will Lose 44 Billion. Now you know why he's with her... https://t.co/fkizvl5Zea,gene70,False,12,7484,27128,Twitter for iPad,0,0,2,0,0
True,True,5,5,761943592831037440,Sat Aug 06 15:14:43 +0000 2016,2113,New report claims @HillaryClinton's economic plan would hike taxes by $1.3 trillion. https://t.co/xNL4eMqqX1,FoxNews,True,436,13062202,0,Twitter Web Client,0,0,2,0,1
True,True,5,5,762037322946744320,Sat Aug 06 21:27:10 +0000 2016,1265,Report: @HillaryClinton's plan would raise taxes $1.3T/10 years. https://t.co/Dh1tWM4FAP,FoxNews,True,437,12868014,0,Twitter Web Client,0,0,2,0,1
True,True,5,5,763800398876508160,Thu Aug 11 18:13:00 +0000 2016,1287,.@HillaryClinton hits the Trump Loophole - his backdoor tax break for billionaires like himself. Read about it here: https://t.co/35R3aVlCfV,mpshapiro,False,892,3385,56,Twitter Web Client,0,0,2,0,0
True,True,1,5,764307204841299968,Sat Aug 13 03:46:52 +0000 2016,1955,BOMBSHELL! @Judgenap: Hiliary caused murders of US intel agents! @realDonaldTrump @ktmcfarland @AnnCoulter #dtmag https://t.co/mNT7OMBRIM,tfgnews,False,14,3979,164,Twitter Web Client,1,1,5,0,0
True,True,5,5,768139660954472448,Tue Aug 23 17:35:41 +0000 2016,4028,We have seen 30k+ @HillaryClinton emails Not one has been highlighted as a lie. Trump lied on his FEC filing and lies every speech #helies,mcuban,True,1246,6334960,1083,Twitter for Android,0,0,2,0,0
True,True,1,1,772155907677556736,Sat Sep 03 19:34:49 +0000 2016,2178,"@realDonaldTrump September 1993 2 Months After Vince Foster's Death,Clinton Campaign Security Jerry Parks Murdered https://t.co/XUNzxMujPk",Janetlarose1,False,4755,8582,33441,Twitter for Android,0,0,2,0,0
True,True,3,1,772590043143737344,Mon Sep 05 00:19:54 +0000 2016,5265,Famous YouTuber @pewdiepie proven to have sexual relationships with @HillaryClinton https://t.co/AZy2uOusUw https://t.co/sEO2JTPk1V,CNN_Noows,False,295,719,156,Twitter for Android,0,0,3,1,0
True,True,5,5,776821678013833216,Fri Sep 16 16:34:55 +0000 2016,13090,Let's be clear: @realDonaldTrump just admitted that he peddled fake conspiracy theories to attack the integrity of @POTUS.,elizabethforma,True,298,857360,0,Twitter for iPhone,0,0,2,0,0
True,True,5,1,776933482446499841,Fri Sep 16 23:59:11 +0000 2016,1418,Exposed! Hugh Hewitt @hughhewitt is Intentionally Sabotaging @realDonaldTrump‚Äôs Campaign https://t.co/KlcHj4d8Kr,Cernovich,True,1155,157636,23406,Twitter Web Client,0,0,3,1,0
True,True,5,1,777518198837153792,Sun Sep 18 14:42:38 +0000 2016,2707,"@realDonaldTrump um, ... Why are We Paying for Hillary's Campaign ? ...Trump proves to be right AGAIN #RiggedSystem https://t.co/s40Zv5AbBh",Janetlarose1,False,4757,8582,33443,Twitter for Android,1,1,2,0,0
True,True,1,1,777972446951374848,Mon Sep 19 20:47:40 +0000 2016,2622,"BREAKING: @HillaryClinton‚Äôs Email-Deleter Found Online Asking How To Destroy Evidence, Then Destroys Evidence Of It  https://t.co/Ur04wkRpat",Cernovich,True,1152,162982,23473,Twitter Web Client,0,0,2,0,0
True,True,5,1,780480921401118720,Mon Sep 26 18:55:26 +0000 2016,3399,Here's a list of 36 of the biggest lies @HillaryClinton has told so far: https://t.co/MI3lap6p37,seanhannity,True,6816,1855473,109,Twitter Web Client,0,0,2,1,0
True,True,1,5,780591707784146945,Tue Sep 27 02:15:40 +0000 2016,13603,The @realDonaldTrump campaign is deleting tweets during the debate that conflict with his on-air claims. https://t.co/gBwHNlYEkm,DJD,True,794,213391,593,Twitter Web Client,0,0,2,0,1
True,True,1,1,781657794474835968,Fri Sep 30 00:51:55 +0000 2016,1888,"Remember when @HillaryClinton said she was waiting on Obama to be murdered? Spread it, cause MSM won't!‚Ä¶ https://t.co/RtOl7iwnDN",America_1st_,False,12476,30837,18,Twitter Web Client,0,0,2,1,0
True,True,1,4,781898671889625088,Fri Sep 30 16:49:05 +0000 2016,1329,"Crooked @HillaryClinton and her allies received almost $100,000,000 from Wall Street in this election cycle alone!‚Ä¶ https://t.co/lxYDaN7uYH",YoungDems4Trump,False,7142,57893,6563,Twitter for iPhone,0,0,2,1,0
True,True,5,4,782036771341275136,Sat Oct 01 01:57:50 +0000 2016,9377,"HUGE @HillaryClinton Caught again mocking Americans; she hates coal miners, baristas, Sanders idealists https://t.co/kWguQZ1bY9 #FeelTheBern",KellyannePolls,True,569,363518,1579,Twitter for iPhone,0,0,2,0,0
True,True,1,4,783491873105178624,Wed Oct 05 02:19:53 +0000 2016,3609,.@HillaryClinton accepted tens of MILLIONS of $s from foreign donors while Sec of State - @mike_pence #VPDebate https://t.co/HpDVQVZ8X9,TeamTrump,True,24,458950,1866,Twitter Web Client,1,1,3,0,0
True,True,5,1,784888036832243716,Sat Oct 08 22:47:45 +0000 2016,1188,BOMBSHELL: Here's why obama/Hiliary ordered #Benghazi stand-down order. This is nothing less than a MURDER COVER-UP‚Ä¶ https://t.co/9c7jS5iTdC,tfgnews,False,14,3944,156,Twitter Web Client,1,1,1,1,0
True,True,5,1,784916104569380870,Sun Oct 09 00:39:17 +0000 2016,5898,4 Americans are dead after being abandoned by @HillaryClinton and 'locker room talk' offends you more? https://t.co/KzvZWnCMdg,seanhannity,True,7285,2171256,111,Twitter for iPhone,0,0,2,0,0
True,True,1,4,785298210566856704,Mon Oct 10 01:57:38 +0000 2016,1235,You lost $6B of OUR $ at StateDpt RT@HillaryClinton: u want the guy who lost $1B  in 1 year‚Äîrunning a casino!‚Äîto run the U.S. economy?,MonicaCrowley,True,470,406391,2,Twitter for BlackBerry,0,0,2,0,0
True,True,1,5,785306080142163974,Mon Oct 10 02:28:54 +0000 2016,2045,.@realDonaldTrump on #Benghazi: 'Amb. Stevens sent 600 requests for help and the only one she talked to was Sidney Blumenthal.' #debate,megynkelly,True,1332,2139042,13,Twitter Web Client,1,1,2,0,0
True,True,1,1,785992950656430080,Tue Oct 11 23:58:17 +0000 2016,4173,üö® Bin Laden secrets revealed in latest @HillaryClinton email leak https://t.co/DE4jPQCzfS https://t.co/8cWPKNuWrT,TeamTrump,True,16,324543,1500,TweetDeck,0,0,2,1,1
True,True,1,1,786616112700088320,Thu Oct 13 17:14:30 +0000 2016,1064,'@HillaryClinton meets in secret with international banks to plot the destruction of U.S. sovereignty in order to enrich' her donors. - DJT,TeamTrump,True,20,352557,1524,TweetDeck,0,0,2,0,0
True,True,5,1,786985841360908288,Fri Oct 14 17:43:40 +0000 2016,1355,Irrefutable proof that @HillaryClinton is in bed with the media and has them write stories for her. This should dis‚Ä¶ https://t.co/1ck1p5r3aY,MsBlaireWhite,False,669,55113,10295,Twitter Web Client,0,0,2,1,0
True,True,1,1,787460596706971648,Sun Oct 16 01:10:11 +0000 2016,1103,@HillaryClinton laughing during her Benghazi trial! #CrookedHillary #HillaryBecuase #PodestaEmails8 #Benghazi‚Ä¶ https://t.co/3cI4EBvheR,GopAaron,False,3360,23739,76367,Twitter for iPhone,4,4,2,1,0
True,True,1,1,788063625437118464,Mon Oct 17 17:06:24 +0000 2016,4466,". @wikileaks emails reveal that @HillaryClinton campaign and @dncpress were using #birddogging, we have it on video‚Ä¶ https://t.co/IeJSPuyrTX",JamesOKeefeIII,False,1022,217130,1260,Twitter Web Client,1,1,4,1,0
True,True,5,1,788153455265185792,Mon Oct 17 23:03:21 +0000 2016,1740,.@HillaryClinton camp wrote gun hit piece on @BernieSanders; then put gun violence victim as author #PodestaEmails10 https://t.co/FvuCLHfmhg,JordanChariton,True,456,67494,899,Twitter Web Client,1,1,3,0,0
True,True,1,5,788419921793482752,Tue Oct 18 16:42:12 +0000 2016,2859,And we found her line item payroll disbursement from @HillaryClinton in the amount of $1610.24 https://t.co/aTflT7LOrr,JamesOKeefeIII,False,1028,213838,1252,TweetDeck,0,0,2,1,0
True,True,1,5,788421717471395840,Tue Oct 18 16:49:20 +0000 2016,4488,"Redditor ‚ÄúPepeTheRacistFrog‚Äù alerted us that @HillaryClinton paid Zulema Rodriguez $1,610.24 on 02.29.2016. Here‚Äôs‚Ä¶ https://t.co/kvlhU44Ro4",JamesOKeefeIII,False,1028,213777,1241,TweetDeck,0,0,2,1,0
True,True,5,1,788453602469699584,Tue Oct 18 18:56:02 +0000 2016,1344,FBI documents reveal @HillaryClinton was so unpleasant that security agents didn‚Äôt want to protect her.‚Ä¶ https://t.co/zk1pvO8TFd,Varneyco,True,701,178889,894,Twitter Web Client,0,0,2,1,0
True,True,1,1,788925490727878657,Thu Oct 20 02:11:09 +0000 2016,2570,PROOF THAT THE DEMOCRATS ARE COORDINATING #VoterFraud @FoxNewsSunday #debatenight @HillaryClinton @realDonaldTrump https://t.co/1VigY3laqw,JamesOKeefeIII,False,1022,216974,1260,Twitter Web Client,2,2,4,0,0
True,True,5,1,788929328696348674,Thu Oct 20 02:26:24 +0000 2016,7229,"After Crooked @HillaryClinton allowed ISIS to rise, she now claims she'll defeat them? LAUGHABLE! Here's my plan: https://t.co/FzRMObNQVn",realDonaldTrump,True,41,14050641,46,Twitter Web Client,0,0,2,0,0
True,True,5,1,789183760323321858,Thu Oct 20 19:17:25 +0000 2016,4100,".@HillaryClinton was obviously made uncomfortable by the Q's regarding @PVeritas_Action videos. So much, she ended‚Ä¶ https://t.co/M07O7PKZum",JamesOKeefeIII,False,1033,237844,1324,Twitter Web Client,0,0,3,1,0
True,True,1,1,790633138984714240,Mon Oct 24 19:16:44 +0000 2016,1731,When ppl can't trust top cops (FBI) who can they trust?  This is far bigger than @realDonaldTrump and HRC.  This threatens rule of law.,GovMikeHuckabee,True,517,600151,238,Twitter for iPhone,0,0,2,0,0
True,True,3,1,790976574619344898,Tue Oct 25 18:01:25 +0000 2016,1843,SHARE THIS RIGHT NOW...@HillaryClinton IS SO CORRUPT #PodestaEmails18 https://t.co/o7397GYX4I,EricSpracklen,False,369,89571,13133,Twitter for iPhone,1,1,2,0,1
True,True,1,1,791069612955803648,Wed Oct 26 00:11:07 +0000 2016,2382,BREAKING: @HillaryClinton's E-Mail Server Company Got Almost $1 Million In Gov't Loans After Wiping E-Mails https://t.co/oVICUtRo6i,wesearchr,True,154,14985,1855,Twitter Web Client,0,0,2,0,0
True,True,4,1,795820723440848896,Tue Nov 08 02:50:20 +0000 2016,2703,BREAKING: @HillaryClinton staggers into car tonight unfit to lead! #ImVotingBecause we need #TRUMP #RETWEET Donate‚Ä¶ https://t.co/46KyvJJ5Jg,Bikers4Trump,False,100888,127798,20414,Twitter Web Client,3,3,2,1,0
True,True,4,4,795823094795554816,Tue Nov 08 02:59:46 +0000 2016,1925,BREAKING: Hillary Clinton stumbles to her car after landing in Philadelphia #ElectionDay #Election2016  https://t.co/JMrCUaZuid,LatestAnonNews,False,315,102021,284,TweetDeck,2,2,1,0,0
True,True,4,1,795969136128049152,Tue Nov 08 12:40:05 +0000 2016,1242,LGBTQ Member RIPS Hillary Over Supporting Countries That Kills Gays; Voting Trump! https://t.co/2YHrjT4e15 #MyVote2016 #ImVotingTrump #MAGA,WayneDupreeShow,True,10757,142520,32721,Twitter Web Client,1,1,1,1,0
True,True,1,1,795995454244667396,Tue Nov 08 14:24:39 +0000 2016,1079,#SpiritCooking satanist Lady Gaga dresses up like a Nazi to promote Hillary Clinton. Could this election be any mor‚Ä¶ https://t.co/RT5vGaXDeD,michelle4trump,False,1649,22493,18692,Twitter for iPhone,1,1,1,1,0
True,True,1,1,796002911553585153,Tue Nov 08 14:54:17 +0000 2016,2253,"Hillary Clinton and alleged pedophile James Alefantis, owner of Comet Ping Pong Pizza, connection confirmed. ‚úîÔ∏è‚Ä¶ https://t.co/cGZ3COGSZY",BrittPettibone,False,267,15683,5763,Twitter Web Client,0,0,1,1,0
True,True,1,1,796002997478326273,Tue Nov 08 14:54:38 +0000 2016,2095,She's caught paying people to riot at Trump rallies  Her whole inner circle does Satanic #SpiritCooking  And last n‚Ä¶ https://t.co/4aYPgIkrfW,JaredWyand,False,9945,119162,73658,Twitter for iPhone,1,1,1,1,0
True,True,1,4,796009375324405760,Tue Nov 08 15:19:58 +0000 2016,2127,Welcome To Hillary's America. Where WOMEN Are ATTACKED For Wearing A Trump Jersey. She Paid For Them To Do It Too..‚Ä¶ https://t.co/ApkhDpTP9u,Miami4Trump,False,3051,31212,10411,Twitter for iPad,0,0,1,1,0
True,True,1,1,796012972443320321,Tue Nov 08 15:34:16 +0000 2016,2246,üö®BREAKING: Bernie Sanders endorses Trump!  #ElectionDay #Voted https://t.co/T0WABRscjt,JaredWyand,False,9945,119276,73660,Twitter for iPhone,2,2,1,0,1
True,True,1,1,796013755146665985,Tue Nov 08 15:37:23 +0000 2016,1446,A window into her soul: watch for SHOCKING details on how @HillaryClinton got off a child rapist. @KathyShelton_‚Ä¶ https://t.co/GsKKWFdNtM,DineshDSouza,True,4235,377318,525,Twitter Ads,0,0,3,1,0
True,True,1,4,796014316449251330,Tue Nov 08 15:39:36 +0000 2016,1328,This is my last message to voters. I'm so glad my lawyer &amp; Dinesh D'Souza care about what Hillary done to me https://t.co/57PMhHJtp9,KathyShelton_,False,13,24940,600,Twitter for iPhone,0,0,1,0,0
True,True,3,1,796027312307376128,Tue Nov 08 16:31:15 +0000 2016,1332,ATTENTION TRUMP VOTERS - Here is the official Trump Voter Assistance and Ballot Security Hotline - #MyVote2016‚Ä¶ https://t.co/DiA6PdnFY5,KamVTV,True,691,37724,33924,Twitter Web Client,1,1,1,1,0
True,True,3,4,796031944114872320,Tue Nov 08 16:49:39 +0000 2016,1037,Donald Drumpf fucks Hillary Clayton during a debate #ElectionDay #MyVote2016 #ImWithHer #GoOutAndVote https://t.co/oWxsCzb8Py,PornHubVid,False,19004,373242,692,Twitter Ads,4,4,1,0,0
True,True,1,1,796036189614641152,Tue Nov 08 17:06:31 +0000 2016,1367,Hillary Campaign Paid Rioters 2 Burn The American Flag @ Trump Rally.üá∫üá∏  You Can't Love Our Country &amp; Justify Votin‚Ä¶ https://t.co/WqFemxmf0b,drewwyatt,False,16022,21629,36554,Twitter for iPhone,0,0,1,1,0
True,True,3,1,796042110034014208,Tue Nov 08 17:30:03 +0000 2016,1021,#Trump announces his first act as President would be to sign an exec order banning fox shooting as he's very fond of his hair #ElectionDay,BenSFletcher,False,712,25091,2602,Twitter Ads,1,1,1,0,0
True,True,1,4,796042119374835716,Tue Nov 08 17:30:05 +0000 2016,1969,"Report: Voter Intimidation in Philly, Trump Observers Kicked Out - https://t.co/3ok9vmn25G #ElectionDay",PrisonPlanet,True,284,327935,4786,Twitter Web Client,1,1,1,1,0
True,True,1,1,796043600371085312,Tue Nov 08 17:35:58 +0000 2016,2091,BREAKING: ICE agents have reportedly arrested over 40 illegals trying to vote in Cali! Get this rising! #ElectionDay https://t.co/y3iFtWHo8p,emrutherford90,False,3944,15008,8513,Twitter Web Client,1,1,1,0,0
True,True,1,1,796045204763516928,Tue Nov 08 17:42:21 +0000 2016,2204,"üö® BREAKING: WOW!!! At the last minute, Chris Matthews endorses #Trump!!! #ElectionDay  https://t.co/FjeNWIsACt",WDFx2EU8,False,356,26198,752,Twitter Web Client,2,2,1,0,1
True,True,3,2,796046574359035905,Tue Nov 08 17:47:47 +0000 2016,4765,Unfortunately Melania copied HER ballot from Michelle so... Donald just voted for Hillary. #ElectionDay https://t.co/x2ZimtFxyl,FullFrontalSamB,True,94,215184,39,Twitter Web Client,1,1,1,0,0
True,True,4,1,796050401392988162,Tue Nov 08 18:03:00 +0000 2016,5019,Video: Machine Refuses to Allow Vote For Trump in Pennsylvania - https://t.co/p0RFvEdPDC #ElectionDay https://t.co/eNdxcE1GdI,PrisonPlanet,True,284,324979,4785,Twitter Web Client,1,1,1,1,0
True,True,4,1,796053302693822465,Tue Nov 08 18:14:31 +0000 2016,29072,üö®BREAKING: Machine Refuses to Allow Vote For Trump in Pennsylvania!!  RT the hell out of it! #VoterFraud  #voted‚Ä¶ https://t.co/5CqSHKsGT5,TEN_GOP,False,47917,52348,564,Twitter Web Client,2,2,1,1,0
True,True,1,1,796053966547283968,Tue Nov 08 18:17:10 +0000 2016,2150,"An illegal under arrest by ICE agents for attempting to vote in Dade County, FL. Be vigilant! #ElectionDay https://t.co/IEqSf0tUam",Stevenwhirsch99,False,28737,32377,23984,Twitter for Android,1,1,1,0,0
True,True,4,1,796057900783431681,Tue Nov 08 18:32:48 +0000 2016,1801,üö®BREAKINGüö®  Machine Refuses to Allow Vote For Trump in Pennsylvania!!  #VoterFraud #ElectionDay https://t.co/f5efnGdWF3,America_1st_,False,12780,25038,16,Twitter Web Client,2,2,1,0,1
True,True,4,4,796060051874136068,Tue Nov 08 18:41:21 +0000 2016,1314,5-6 Voting Machines In Ohio County Switch Republican To Democrat Votes! https://t.co/3EaetX7fhX #MyVote2016 #ElectionDay #ElectionNight,WayneDupreeShow,True,10747,141610,32604,Twitter Web Client,1,1,1,1,0
True,True,4,1,796063894934605824,Tue Nov 08 18:56:37 +0000 2016,1829,üö®BREAKING: reports of #VoterFraud in Philly.. 'Instructional ballot' being handed out inside polling stations‚ÄºÔ∏è‚Ä¶ https://t.co/6IDSzgOTqD,TEN_GOP,False,48332,52570,574,TweetDeck,1,1,1,1,0
True,True,4,1,796064050954326016,Tue Nov 08 18:57:14 +0000 2016,3341,#BREAKING: Voters In Pa. Report Ballots Defaulting To Clinton - #ElectionDay,nwiajk,False,3842,123723,5966,Twitter for iPhone,2,2,1,0,0
True,True,4,1,796082430969073665,Tue Nov 08 20:10:16 +0000 2016,1750,BREAKING VIDEO: Pennsylvania Voters Report Voting Machines Flipping Votes From Trump to Clinton #ElectionDay   https://t.co/pNqFd11txC,_Makada_,False,821,38649,6273,Twitter Web Client,1,1,1,0,0
True,True,1,1,796085557466136577,Tue Nov 08 20:22:42 +0000 2016,1421,"'My name is Brittany Foreman.. and today I witnessed #VoterFraud.'  Spread it, deplorables! Don't let them steal ou‚Ä¶ https://t.co/9j4B4ZTRFY",America_1st_,False,12781,25038,16,Twitter Web Client,1,1,1,1,0
True,True,5,4,796087416499027968,Tue Nov 08 20:30:05 +0000 2016,2791,"What does electing @realDonaldTrump mean for you? Lower childcare expenses, lower taxes and more JOBS! #MAGA‚Ä¶ https://t.co/dzAKaUwZ3t",TeamTrump,True,22,236256,1489,Twitter Ads,1,1,2,1,0
True,True,3,3,796092214128549892,Tue Nov 08 20:49:09 +0000 2016,1517,Well this changes everything...  #ElectionNight https://t.co/vGfB1iDdmw,TeamFA,False,115,22848,3296,TweetDeck,1,1,1,0,1
True,True,4,1,796092478499721218,Tue Nov 08 20:50:12 +0000 2016,1479,üö®VOTER FRAUDüö®  Votes flipped from Trump to Clinton in Pennsylvania.  #ElectionDay #Voted #Vote2016 https://t.co/EKy4TqxTiX,America_1st_,False,12780,25038,16,Twitter Web Client,3,3,1,0,1
True,True,1,1,796096518528892929,Tue Nov 08 21:06:15 +0000 2016,2262,Voter Fraud Caught on Tape in Philadelphia - https://t.co/1h2z7Jgv4R #ElectionDay https://t.co/C0NVY8Me5H,PrisonPlanet,True,284,331620,4790,Twitter Web Client,1,1,1,1,1
True,True,1,1,796096570030780416,Tue Nov 08 21:06:27 +0000 2016,1210,üö®VoterFraud: Philly Democrat Judge of Elections inside voting booth with voter‚ÄºÔ∏è  #ElectionDay #IVoted (Via‚Ä¶ https://t.co/inxEe2GVjL,TEN_GOP,False,47919,52350,564,Twitter Web Client,2,2,1,1,0
True,True,4,1,796099607189131264,Tue Nov 08 21:18:31 +0000 2016,6747,üö®WOW: another proof of #VoterFraud!! Machine refuses to allow vote for Trump!!  RT b/c Media will never report this‚Ä¶ https://t.co/XVwOBsROcx,TEN_GOP,False,47917,52347,564,Twitter Web Client,1,1,1,1,0
True,True,1,1,796103298671644673,Tue Nov 08 21:33:11 +0000 2016,3938,Donald Trump in 1998 #ElectionDay https://t.co/OH7ZL7W8Ey,TrashvisScott,False,14,122,87,Twitter for iPhone,1,1,1,0,1
True,True,4,5,796143417474609152,Wed Nov 09 00:12:37 +0000 2016,1149,"If this is true, OMG. https://t.co/18cV78BaWF",mitchellvii,True,8488,147218,14864,TweetDeck,0,0,1,1,0
True,True,4,1,796144670094954496,Wed Nov 09 00:17:35 +0000 2016,1240,üö®BREAKING: Machine Refuses to Allow Vote For Trump in Pennsylvania  RT the hell out of it! #VoterFraud #ElectionDay¬† https://t.co/Bm9NXB157L,MagicRoyalty,False,122,33066,102,Twitter for iPhone,2,2,1,0,0
True,True,3,3,796158240778227714,Wed Nov 09 01:11:31 +0000 2016,1645,"BREAKING: According to ESPN Projections, LeBron James has won all 50 states &amp; will be the 45th President of the United States #ElectionNight",NOTSportsCenter,False,456,458464,807,Twitter for iPhone,0,0,1,0,0
True,True,3,3,796158837426225152,Wed Nov 09 01:13:53 +0000 2016,1056,She willing to do this for votes? Wow üò≥üëèüèæ #ElectionNight https://t.co/6vhMaT8eBV,DreadChapo,False,4435,19743,221,Twitter for iPhone,1,1,1,0,1
True,True,3,3,796165848947773440,Wed Nov 09 01:41:45 +0000 2016,1468,BREAKING NEWS: Bleach sales through the roof    #ElectionNight,BJCalvillo,True,375,225938,7233,Twitter for iPhone,1,1,1,0,0
True,True,3,1,796167949291810816,Wed Nov 09 01:50:05 +0000 2016,1525,Wolf Blitzer Walks Into Middle Of Olive Garden Commercial To Announce Breaking Election Results‚Ä¶ https://t.co/rxWuTMCepi,TheOnion,True,17,9181689,5,SocialFlow,0,0,1,1,0
True,True,1,1,796168147648872448,Wed Nov 09 01:50:53 +0000 2016,3950,BBC subtitles on point as usual #ElectionNight https://t.co/I1XVEdXFb5,TechnicallyRon,True,962,73642,8532,Twitter Web Client,1,1,1,0,1
True,True,3,1,796173482283454464,Wed Nov 09 02:12:05 +0000 2016,1010,Election Night Orgy Shifts Positions So Everyone Can See Results Come In https://t.co/Y5cuzH9xHR #ElectionNight https://t.co/OkjPXlKQZ7,TheOnion,True,17,9181870,5,SocialFlow,1,1,1,1,0
True,True,3,3,796173982366101504,Wed Nov 09 02:14:04 +0000 2016,7457,BREAKING: Current state of the electoral map #ElectionDay https://t.co/DI4a4hvaXU,TechnicallyRon,True,962,73640,8532,Twitter Web Client,1,1,1,0,1
True,True,2,5,796200998003994627,Wed Nov 09 04:01:25 +0000 2016,1636,Where race for President stands as of 11:00PM ET: - Clinton: 190 - Trump: 172 (270 needed to win)  #Election2016‚Ä¶ https://t.co/bbArFsdfMN,GMA,True,2244,3449970,6265,TweetDeck,1,1,1,1,0
True,True,2,1,796205733964607488,Wed Nov 09 04:20:14 +0000 2016,1479,Where race for President stands as of 11:20PM ET: - Clinton: 197 - Trump: 187 (270 needed to win)  #Election2016‚Ä¶ https://t.co/p6btswNILj,GMA,True,2245,3449884,6265,TweetDeck,1,1,1,1,0
True,True,2,4,796207299098537985,Wed Nov 09 04:26:27 +0000 2016,1349,Electoral College latest: @HillaryClinton 197 @realDonaldTrump 193  Full results: https://t.co/IBpfo5ildt‚Ä¶ https://t.co/fKchRWaLZK,BBCUSElection,True,2,55966,2,BBC US Election Bot,0,0,3,2,0
True,True,3,3,796211161943408640,Wed Nov 09 04:41:48 +0000 2016,11850,"Flash: En cas de victoire de Donald Trump, la France demandera le rapatriement de la Statue de la Libert√©. #ElectionNight",le_gorafi,True,665,548235,233,TweetDeck,1,1,1,0,0
True,True,1,3,796221514764795904,Wed Nov 09 05:22:56 +0000 2016,6175,"Los Simpson lo predijeron hace 16 a√±os, despu√©s de Trump la presidenta ser√° Lisa  #ElectionNight https://t.co/TJVBDaS0OM",HomeroLodijo,False,43524,342953,703,Twitter for Android,1,1,1,0,1
True,True,2,3,796262024384835585,Wed Nov 09 08:03:55 +0000 2016,1498,Hillary Clinton right now: #ElectionNight https://t.co/Hxtu74sbqL,HistoricalPics,False,271,3469639,1571,Twitter for iPhone,1,1,1,0,1
True,True,5,5,798315544348860417,Tue Nov 15 00:03:52 +0000 2016,24623,"The President of the United States should condemn bigots, @realDonaldTrump. Not give them a West Wing office to decide our country's future.",SenWarren,True,254,1101079,5,Twitter Web Client,0,0,2,0,0
True,True,3,3,799012033769459714,Wed Nov 16 22:11:28 +0000 2016,1763,Coming soon--schools and colleges offering credit for protesting Pres-Elect Trump. https://t.co/UfCgnrkmqD,IngrahamAngle,True,305,1076163,87,Twitter for iPhone,0,0,1,1,0
True,True,1,1,799284935601356800,Thu Nov 17 16:15:53 +0000 2016,1799,"Then you know NOTHING ABOUT ME, jackass. I tried to warn people that @BarackObama was a disaster. Millions more in‚Ä¶ https://t.co/vkZ5AdlDIv",seanhannity,True,6785,1832519,107,Twitter for iPhone,0,0,2,1,0
True,True,4,4,799294630235963392,Thu Nov 17 16:54:24 +0000 2016,2414,We hadn't made any major appointments at this point in 2008.  I don't remember being criticized for it. https://t.co/3yXvA8g6bL,davidaxelrod,True,435,536787,60,Twitter for iPhone,0,0,1,0,0
True,True,1,1,800222976629035008,Sun Nov 20 06:23:19 +0000 2016,1712,CALL TO ACTION: Oath Keepers Pledge to Protect Electors from Terrorist Death Threats https://t.co/CegTdBdz0m‚Ä¶ https://t.co/vHxznEeIi5,LeahR77,False,41656,109628,170408,Twitter Web Client,0,0,1,2,0
True,True,1,3,800266573055299584,Sun Nov 20 09:16:33 +0000 2016,5282,Heil! #NameAPenceMusical 'Springtime for #Hitler' @POTUS @FLOTUS @HillaryClinton @BernieSanders @elizabethforma‚Ä¶ https://t.co/V93bPBtCxi,NadelParis,False,57104,349870,1475,Twitter for iPhone,2,2,6,1,0
True,True,4,5,801918669055922176,Thu Nov 24 22:41:24 +0000 2016,1359,"Snake Romney tried helping this guy sabotage Utah, failed, this is what they think of @realDonaldTrump,‚Ä¶ https://t.co/AAMujL7f9l",Cernovich,True,1141,169711,24184,Twitter Web Client,0,0,2,1,0
True,True,3,3,805542140067581952,Sun Dec 04 22:39:47 +0000 2016,1109,.@realDonaldTrump did you hear China said you couldn't jump your motorcycle over Snake Canyon? You just going to sit here and take that?,ditzkoff,True,899,94890,65910,Twitter for iPhone,0,0,2,0,0
True,True,2,1,807828880170094592,Sun Dec 11 06:06:28 +0000 2016,2276,"If Russia is the enemy, why didn't anyone look into why Hillary sold 20% of our uranium to them! #FakeNewsChallenge‚Ä¶ https://t.co/ZRiAwdUtJc",Lrihendry,False,10373,125895,48855,Twitter for iPhone,1,1,1,1,0
True,True,2,1,808722288917053440,Tue Dec 13 17:16:33 +0000 2016,2328,The ONLY investigation involving Russia that should matter.. @HillaryClinton selling our uranium as SOS &amp; profiting https://t.co/4II7dCtYpP,bcwilliams92,False,55356,78758,109573,Twitter for iPhone,0,0,2,0,0
True,True,4,4,809025754965098496,Wed Dec 14 13:22:25 +0000 2016,2703,"The @realDonaldTrump Effect continues.  RT 'IBM unveils plan to hire 25,000 workers in US on eve of Trump meeting' https://t.co/TDGR0bVlnI",MonicaCrowley,True,468,390031,2,Twitter Web Client,0,0,2,0,0
True,True,1,4,810710068802908160,Mon Dec 19 04:55:17 +0000 2016,2550,"FACT: @HillaryClinton won the popular vote because of California, NOT the Nation. Let that sink in. America Spoke!!‚Ä¶ https://t.co/1xIo8s8o7u",Braveheart_USA,False,40999,56763,41130,Twitter for iPhone,0,0,2,1,0
True,True,1,4,811859155292188672,Thu Dec 22 09:01:20 +0000 2016,2705,Compare and contrast. @realDonaldTrump wants to Make America Safe Again. Obama embraces career criminals as if they‚Ä¶ https://t.co/syOEPnY77Y,SheriffClarke,True,123,452676,2749,Twitter for iPad,0,0,2,1,0
True,True,1,1,811970134575316992,Thu Dec 22 16:22:20 +0000 2016,2102,This is why @nytimes @washingtonpost @CNN @MSNBC @HuffingtonPost use and place fake news stories about Pres-elect‚Ä¶ https://t.co/xDaOKc82w5,SheriffClarke,True,123,452673,2749,Twitter for iPad,0,0,6,1,0
True,True,3,3,811983411573362688,Thu Dec 22 17:15:05 +0000 2016,1652,The first hostage video of the new administration https://t.co/fQkeHDMJi9,SethAMandel,True,582,19370,12116,TweetDeck,0,0,1,1,0
True,True,1,1,812081259950342144,Thu Dec 22 23:43:54 +0000 2016,2279,Obama on hearing that many black voters rejected his saying that voting for @realDonaldTrump would be a slap in the‚Ä¶ https://t.co/HxGWXtA4Vm,SheriffClarke,True,123,453573,2749,Twitter for iPad,0,0,2,1,0
True,True,5,3,815370095103016964,Sun Jan 01 01:32:34 +0000 2017,1025,HORROR!What's the HELL is Going on with Wicked Witch @HillaryClinton ?SHOCK SCENE!Hillary sits on Man's Lap!With FR‚Ä¶ https://t.co/ZXUwX62xZ7,ANOMALY1,False,14113,23633,64747,Twitter Web Client,0,0,2,1,0
True,True,3,4,818295753697132544,Mon Jan 09 03:18:05 +0000 2017,1401,"No, #MerylStreep, @realDonaldTrump DID NOT 'imitate a disabled reporter.' Here are the facts: https://t.co/q2LLRPGPbg #GoldenGlobes",larryelder,True,284,135093,837,Twitter for iPad,1,1,2,1,0
True,True,3,3,823686815554994176,Tue Jan 24 00:20:14 +0000 2017,14614,Still a better cabinet than @realDonaldTrump's. https://t.co/E5WAx0vGvy,HalfOnionInABag,False,0,172103,1121,Twitter for iPhone,0,0,2,0,1
True,True,3,3,829676818693251076,Thu Feb 09 13:02:22 +0000 2017,1051,EXCLUSIVE! FOOTAGE: #ConfirmSessions #afterparty! @HillaryClinton @SenWarren @MichelleObama @POTUS44‚Ä¶ https://t.co/YLeehPSYwJ,NadelParis,False,58067,361611,1882,Twitter Web Client,2,2,5,1,0
True,True,1,1,830589032656564224,Sun Feb 12 01:27:11 +0000 2017,4436,Twitter is censoring &amp; removing positive replies to President Trump's tweets &amp; promoting negative ones. Proof:‚Ä¶ https://t.co/8n8LsrCqwj,bakedalaska,True,24774,144146,141639,Twitter for iPhone,0,0,1,1,0
True,True,1,1,830851144754798596,Sun Feb 12 18:48:44 +0000 2017,1066,Twitter is purposely PUSHING DOWN any POSITIVE tweet reply to @FLOTUS @realDonaldTrump @Scavino45 @KellyannePolls.‚Ä¶ https://t.co/9pOHUY9hTh,KamVTV,True,833,45723,36434,Twitter Web Client,0,0,5,1,0
True,True,3,3,831134157673754624,Mon Feb 13 13:33:19 +0000 2017,1238,EXCLUSIVE: Trump releases photo of 'huge crowds' on the road as he left Mar-a-Lago. @realDonaldTrump https://t.co/jKpzjwGCR8,TeaPainUSA,False,85458,90092,86027,Twitter for iPhone,0,0,2,0,1
True,True,1,1,831621400276324352,Tue Feb 14 21:49:27 +0000 2017,2361,"@realDonaldTrump   You, @WhiteHouse and @POTUS all just unfollowed Kellyanne Connway... got something you wanna tell us?!?",williamlegate,True,1339,6313,4446,Twitter for iPhone,0,0,4,0,0
True,True,1,1,831638879253852160,Tue Feb 14 22:58:54 +0000 2017,2139,"So @realDonaldTrump, @POTUS and @WhiteHouse have all unfollowed @KellyannePolls. https://t.co/DFqZ2PItla",brianscully,True,569,2718,22090,Twitter Web Client,0,0,5,0,1
True,True,4,4,832352520139845638,Thu Feb 16 22:14:39 +0000 2017,3160,"When asked to simply condemn anti-Semitism, @realDonaldTrump instead called it a 'very insulting question.' https://t.co/zmlhVW6EIZ",qz,True,161,256428,1024,Twitter Web Client,0,0,2,0,1
True,True,4,4,834197115840651264,Wed Feb 22 00:24:25 +0000 2017,1198,"500,000 Americans killed by gunshots since 9/11, total of 0 by terrorists from 7 Muslim countries where‚Ä¶ https://t.co/7FKeAPFYH0",ColMorrisDavis,False,651,54740,12,Twitter for iPad,0,0,1,1,0
True,False,1,0,622478894881505281,Sat Jul 18 18:51:48 +0000 2015,4041,The difference between @SenJohnMcCain and @realDonaldTrump: Trump shot himself down. McCain and American veterans are true heroes.,MittRomney,True,296,1828854,1,Twitter Web Client,0,0,3,0,0
False,True,0,2,630924074605223937,Tue Aug 11 02:09:56 +0000 2015,9976,.@HillaryClinton fixed your logo for you. http://t.co/141nXHQe4Z,JebBush,True,267,813005,68,TweetDeck,0,0,2,0,1
True,False,1,0,637059060148404224,Fri Aug 28 00:28:10 +0000 2015,1508,"'@RealEstateMOKS: @realDonaldTrump Build the wall! Everywhere I go, immigrants have our jobs! #MakeAmericaGreatAgain #voteDonaldTrump'",realDonaldTrump,True,41,22008238,46,Twitter for Android,0,0,1,0,0
True,False,1,0,642655804684902401,Sat Sep 12 11:07:38 +0000 2015,12913,'@HamishP95: @realDonaldTrump My Dad is thinking of voting for the first time ever for you. http://t.co/1u9qi8qUPc' Great.,realDonaldTrump,True,41,14039454,46,Twitter for Android,0,0,3,1,0
True,False,1,0,647913870091255808,Sat Sep 26 23:21:18 +0000 2015,1419,"'@JokerzWild_: @realDonaldTrump @TheIntellect111 Trump will win, I know it.'",realDonaldTrump,True,41,13923779,46,Twitter for Android,0,0,4,0,0
True,False,1,0,648300341184831490,Mon Sep 28 00:57:00 +0000 2015,1833,"'@MeOnAJourney @realDonaldTrump Imagine that, an American president standing up for the American people! Go Trump Go! #Trump2016'",realDonaldTrump,True,41,14206336,46,Twitter for Android,0,0,3,0,0
True,False,1,0,669479544886284288,Wed Nov 25 11:35:36 +0000 2015,2124,@realDonaldTrump @congressdotgov @GOP  PROOF Obama is a Member of the Muslim Brotherhood   https://t.co/0Mq7EHaI1l https://t.co/0D7HoB90Nb,CyLyBu,False,7430,6927,40708,Twitter Web Client,0,0,4,1,0
False,True,0,1,671825859762896899,Tue Dec 01 22:59:01 +0000 2015,1214,'@Dollfinish: @AgsEliza @Citizens4Trump @realDonaldTrump ***Howard Stern Caller day after 9/11 https://t.co/1d9ySVrvty ‚Ä¶ ‚Ä¶',realDonaldTrump,True,40,16422471,45,Twitter for Android,0,0,5,1,0
True,False,1,0,676544546268798979,Mon Dec 14 23:29:24 +0000 2015,1264,#ImWithHer because @HillaryClinton is committed to the fight for full LGBT equality. #StillFighting https://t.co/turN7lysHx,chriscolfer,True,667,2529093,1712,Twitter Web Client,2,2,2,0,1
False,True,0,1,679865412805341191,Thu Dec 24 03:25:20 +0000 2015,2974,'@ihatematt: @realDonaldTrump why is Hillary even allowed to run... She's a criminal.'  Good question!,realDonaldTrump,True,43,25307432,45,Twitter for Android,0,0,3,0,0
False,True,0,1,680038548955893760,Thu Dec 24 14:53:19 +0000 2015,2737,'@ihatematt: @realDonaldTrump why is Hillary even allowed to run... She's a criminal.',realDonaldTrump,True,41,14380898,46,Twitter for Android,0,0,3,0,0
True,False,1,0,687004508581412864,Tue Jan 12 20:13:33 +0000 2016,2892,I want my million dollar loan back.. @realDonaldTrump,s8n,False,26,188247,9901,Twitter for iPhone,0,0,2,0,0
True,False,1,0,692701142803939329,Thu Jan 28 13:29:56 +0000 2016,5203,'@BradCross4: @Drudge_Report_ @realDonaldTrump https://t.co/Ur1qgG291Z',realDonaldTrump,True,41,13413639,46,Twitter for Android,0,0,4,0,1
True,False,2,0,703089823117156352,Fri Feb 26 05:30:51 +0000 2016,1122,".@tedcruz: 'His entire life [@realDonaldTrump]'s been on the other side, making money from illegal immigration.' https://t.co/969ppjnrlL",FoxNews,True,430,11717850,0,Twitter Web Client,0,0,3,0,0
True,False,1,0,706247433416810496,Sat Mar 05 22:38:04 +0000 2016,1163,".@realDonaldTrump loves, supports, respects, and appreciates law enforcement officers. #LESM  #Trump2016 https://t.co/gtt8sijE1M",DanScavino,True,176,310925,3184,Twitter for iPhone,2,2,2,0,0
True,False,1,0,709128429589770240,Sun Mar 13 21:26:07 +0000 2016,10556,MUST WATCH: @realDonaldTrump's history of inciting violence is TERRIFYING. https://t.co/6V9PCauzFg,MoveOn,True,2002,190437,1667,Twitter Web Client,0,0,2,1,0
True,False,1,0,709489037011124224,Mon Mar 14 21:19:02 +0000 2016,20872,"if you didn't think @realDonaldTrump and his supporters were anymore of shit people, they desecrated graves. https://t.co/ej7CuRCYox",taeyxgns,False,369,2276,50454,Twitter for iPhone,0,0,2,0,0
False,True,0,1,711742734508421120,Mon Mar 21 02:34:26 +0000 2016,5482,'@BarronG510: @realDonaldTrump The media is corrupt! We The People are fighting with you.',realDonaldTrump,True,42,19685454,46,Twitter for Android,0,0,3,0,0
False,True,0,1,713032429297078274,Thu Mar 24 15:59:13 +0000 2016,3077,'@NeilTurner_: @realDonaldTrump Cruz &amp; Rubio are scared! WATCH -&gt; https://t.co/pWjLW1QBKo https://t.co/W2r6mOzgkb',realDonaldTrump,True,42,19698659,46,Twitter for Android,0,0,3,2,0
True,False,1,0,713844248773152768,Sat Mar 26 21:45:06 +0000 2016,1032,The @realDonaldTrump is no Republican and he‚Äôs certainly no conservative: https://t.co/mBA1Sg13xX   He donated‚Äî&gt; https://t.co/r5gCIOQfuS,tedcruz,True,13683,1766685,1173,TweetDeck,0,0,2,1,0
False,True,0,1,714623007566782464,Tue Mar 29 01:19:36 +0000 2016,3354,"SAD. $15/ hour to protest @realDonaldTrump's Janesville, Wisconsin rally tomorrow-- via Craigslist. https://t.co/U90csUMTcJ",DanScavino,True,111,205360,2932,Twitter for iPhone,0,0,2,0,1
True,False,1,0,715617770541416448,Thu Mar 31 19:12:26 +0000 2016,1136,The Good Deeds of @realDonaldTrump That #MSM Won't Tell You #MAGA #VoteTrump #Stopthesteal  https://t.co/KX6kwBmbo6 https://t.co/up6Ldn1yux,Ann_M_C,False,4385,4155,10832,Twitter Web Client,4,4,2,1,0
False,True,0,1,715695926648680449,Fri Apr 01 00:23:00 +0000 2016,3283,Navy SEAL / FBI Special Agent has Epic Plan to Defeat Terrorism https://t.co/Nks69O4mMZ via @seanhannity @realDonaldTrump @CNN @rushlimbaugh,JGilliam_SEAL,False,8002,22486,26114,Twitter Web Client,0,0,2,1,0
True,False,1,0,717872278055337984,Thu Apr 07 00:31:03 +0000 2016,2060,@realDonaldTrump The media would never say this https://t.co/EZ4qpjOCIz,NeilTurner_,False,713,30987,30238,Austrian Painter,0,0,2,1,0
True,False,1,0,718771185757077504,Sat Apr 09 12:02:59 +0000 2016,5534,'@gene70: @realDonaldTrump The Real Person Of The Year! https://t.co/3yFUZALNVn'  Wow!,realDonaldTrump,True,41,15405895,45,Twitter for Android,0,0,3,0,1
True,False,1,0,725119404409769984,Wed Apr 27 00:28:32 +0000 2016,3223,@realDonaldTrump The media would never say this https://t.co/EZ4qpjOCIz,NeilTurner_,False,725,30775,30067,Austrian Painter,0,0,2,1,0
True,False,1,0,725171200100433920,Wed Apr 27 03:54:21 +0000 2016,5229,"Caught your speech, @realDonaldTrump. About that 'woman's card'... https://t.co/kKaHWISchy",HillaryClinton,True,757,11326694,1186,Twitter Web Client,0,0,2,1,0
True,False,1,0,727691096244031492,Wed May 04 02:47:31 +0000 2016,15370,There's more enthusiasm for @realDonaldTrump among leaders of the KKK than leaders of the political party he now controls.,elizabethforma,True,299,1284390,0,Twitter Web Client,0,0,2,0,0
True,False,1,0,729802150587543552,Mon May 09 22:36:06 +0000 2016,1094,New #vid #Cologne #muslim gang sex attack #German #girls 86Arrest of1000+ #Merkel #Obama #MAGA @GOP @realDonaldTrump https://t.co/caUlmyC06X,NetworksManager,False,67267,70482,49977,Twitter for iPhone,8,8,3,0,0
True,False,1,0,730300935788892161,Wed May 11 07:38:06 +0000 2016,1506,"Delhi : We(hindus) prayed god to make @realDonaldTrump president of US, so that he can wipe out islamic terror https://t.co/z8XXPAHr0Y",RealRavii,False,91,2722,13643,Twitter for Android,0,0,2,0,0
False,True,0,1,734171463209521152,Sat May 21 23:58:11 +0000 2016,1638,"This is disgusting and vile. Good luck getting a job, loser!  https://t.co/Cr2vEfUrhB",reaIDonaldTrunp,False,73,36562,274,Twitter for iPhone,0,0,1,1,0
UNKNOWN,True,0,1,735783973826265088,Thu May 26 10:45:44 +0000 2016,3276,"Hope media will start to report truth, many of the violent protestors @realDonaldTrump events are 'professional protestors'.Not grassroots.",marcorubio,True,2470,1725993,1868,Twitter for iPad,0,0,2,0,0
False,True,0,1,740973713965907968,Thu Jun 09 18:27:54 +0000 2016,5054,@HillaryClinton can we trust you? Watch #HillaryForPrison2016 https://t.co/rr4j1Pj1Zz,NeilTurner_,False,724,30771,30105,xxxxxxxxdsf,1,1,2,1,0
False,True,0,1,740993607289688065,Thu Jun 09 19:46:57 +0000 2016,35229,".@HillaryClinton  If anyone knows how to use a delete key, it's you.",Reince,True,359,509055,28,Twitter for iPhone,0,0,2,0,0
False,True,0,1,741116436215701504,Fri Jun 10 03:55:02 +0000 2016,4135,@HillaryClinton i believe the term is just 'rat delete',danisnotonfire,True,713,4362722,1266,Twitter Web Client,0,0,2,0,0
False,True,0,1,741485050370215936,Sat Jun 11 04:19:46 +0000 2016,1304,.@elizabethforma finally talks about 1 of Crooked @HillaryClinton accomplishment. RIPPING OFF MIDDLE CLASS FAMILIES. https://t.co/R4ceOt8ShV,DiamondandSilk,False,42,175204,1136,Twitter Web Client,0,0,3,0,0
False,True,0,1,743747439954264065,Fri Jun 17 10:09:42 +0000 2016,4312,"'@VoteTrumpMAGA: The media attack on @realDonaldTrump is relentless. They are desperate. But, they keep #Trump in the news - a good thing.",realDonaldTrump,True,42,19791068,46,Twitter for Android,1,1,3,0,0
False,True,0,1,743848253641326594,Fri Jun 17 16:50:18 +0000 2016,2310,Saudi prince secretly rushed into WH! Witnessed by @Varneyco Not a peep fr the media! @DanScavino @realDonaldTrump https://t.co/HKGsN5QmCK,Lrihendry,False,10412,115157,47481,Twitter for iPhone,0,0,4,0,0
True,False,1,0,745303047270719488,Tue Jun 21 17:11:08 +0000 2016,3104,Why do you pay your taxes but @realDonaldTrump doesn't pay his? Watch my new video with @MoveOn. https://t.co/AWEPS8wMaq,elizabethforma,True,298,905675,0,Twitter for iPhone,0,0,3,1,0
False,True,0,1,749003458926305280,Fri Jul 01 22:15:15 +0000 2016,1447,CLINT EASTWOOD on #TRUMP  'He is FEARLESS. He is GREAT!'  #LikeABOSS #Trump2016  #TrumpTrain  @realDonaldTrump https://t.co/fooAQ3vzjM,TrumpWorld00,False,4468,3375,2,Hootsuite,4,4,2,0,0
False,True,0,1,749415819449294849,Sun Jul 03 01:33:49 +0000 2016,1664,I'm not going to call @HillaryClinton a liar. I'm just going to tweet this little tad of info.   #WakeUpAmerica https://t.co/w4Gpv48tun,Braveheart_USA,False,41192,57278,41198,Twitter for iPhone,1,1,2,0,0
False,True,0,1,750695527910637568,Wed Jul 06 14:18:55 +0000 2016,2797,#Benghazi hero @KrisParonto targets @HillaryClinton lies in new ad for Leading from the Front #Tanto #13hours https://t.co/M9xvKDU2op,awaldeck,False,551,1417,6,Twitter Web Client,3,3,3,0,0
True,False,1,0,751316723245219840,Fri Jul 08 07:27:20 +0000 2016,1055,'Police officers are the most mistreated people in America.' ~ @realDonaldTrump. üôèüèΩ #PrayForDallas #BlueLivesMatter https://t.co/1UH8pbNRkt,LynnePatton,True,1087,52700,10869,Twitter for iPhone,2,2,2,0,0
False,True,0,1,752012198831153152,Sun Jul 10 05:30:54 +0000 2016,4222,a @realDonaldTrump staffer (@realkingrobbo) just called for the police to kill Deray. What a world #FreeDeray https://t.co/uVMneRWfo3,dboxw1,False,199,156,3300,Twitter Web Client,1,1,3,0,0
False,True,0,1,752219619784622080,Sun Jul 10 19:15:07 +0000 2016,1069,.@HillaryClinton says white people need to walk in black people's shoes huh?   When do you start wearing your prison flip flops? #TeamTrump,WayneDupreeShow,True,10791,156072,33739,TweetDeck,0,0,2,0,0
False,True,0,1,755586825033355264,Wed Jul 20 02:15:11 +0000 2016,3373,"Trump Jr: 'If @HillaryClinton were elected, she'd be the 1st president who couldn't pass a basic background check.' https://t.co/kKxTl3eCxG",FoxNews,True,430,11868466,0,Twitter Web Client,0,0,2,0,0
True,False,1,0,755988678875291652,Thu Jul 21 04:52:01 +0000 2016,2037,The Real Author of '@realDonaldTrump:The Art of the Deal' @TonySchwartz https://t.co/J1J7Qf0kEJ,billmaher,True,41,5781247,13,Twitter Web Client,0,0,3,1,0